{
  "propensity": {
    "Low Propensity": {
      "size": 9722,
      "percentage": 1.601499696897815,
      "train_size": 8409,
      "test_size": 1313,
      "conversion_rate": 0.0015459626590557736,
      "total_conversions": "13",
      "avg_propensity": 0.27184409832527684,
      "median_propensity": 0.254815281899613,
      "propensity_std": 0.0473667111851403,
      "device_mobile_rate": 0.6271343344990743,
      "device_computer_rate": 0.25468010697387367,
      "device_tablet_rate": 0.12343139271754783,
      "returning_user_rate": 0.5165603785229377,
      "loc_uk_rate": 0.9271754782966468,
      "top_behaviors": {
        "checked_delivery_detail": 0.6250771446204485,
        "list_size_dropdown": 0.3358362476856614,
        "basket_icon_click": 0.3314132894466159,
        "sign_in": 0.3298703970376466,
        "basket_add_detail": 0.305904134951656,
        "basket_add_list": 0.1594322155934993,
        "saw_checkout": 0.15644929026949186,
        "checked_returns_detail": 0.1562435712816293,
        "saw_delivery": 0.1074881711581979,
        "image_picker": 0.08064184324213125
      }
    },
    "Very Low Propensity": {
      "size": 558803,
      "percentage": 92.05130992857332,
      "train_size": 410061,
      "test_size": 148742,
      "conversion_rate": 0.0,
      "total_conversions": "0",
      "avg_propensity": 0.011790641800685715,
      "median_propensity": 0.0001460198296549,
      "propensity_std": 0.03210083207237455,
      "device_mobile_rate": 0.6858839340518931,
      "device_computer_rate": 0.19033541337465976,
      "device_tablet_rate": 0.12525702260009342,
      "returning_user_rate": 0.5246303258930249,
      "loc_uk_rate": 0.9310776785378747,
      "top_behaviors": {
        "list_size_dropdown": 0.2082236494793335,
        "basket_add_detail": 0.06742089788351172,
        "basket_icon_click": 0.05531108458616006,
        "basket_add_list": 0.05042027333425196,
        "sort_by": 0.03366839476523927,
        "image_picker": 0.02263409466305657,
        "sign_in": 0.013133429849159722,
        "saw_checkout": 0.006354654502570673,
        "checked_returns_detail": 0.004330685411495643,
        "checked_delivery_detail": 0.0041749954814129485
      }
    },
    "Very High Propensity": {
      "size": 22468,
      "percentage": 3.7011412456181967,
      "train_size": 21333,
      "test_size": 1135,
      "conversion_rate": 0.8662635353677401,
      "total_conversions": "18480",
      "avg_propensity": 0.9273940397558883,
      "median_propensity": 0.9418336009598409,
      "propensity_std": 0.05023249146661752,
      "device_mobile_rate": 0.600142424781912,
      "device_computer_rate": 0.27906355705892827,
      "device_tablet_rate": 0.1475876802563646,
      "returning_user_rate": 0.6611180345380097,
      "loc_uk_rate": 0.9631920954246039,
      "top_behaviors": {
        "checked_delivery_detail": 1.0,
        "saw_checkout": 1.0,
        "sign_in": 0.9991988606017447,
        "basket_add_detail": 0.7476410895495816,
        "basket_icon_click": 0.7136816806124265,
        "list_size_dropdown": 0.5443742211144739,
        "basket_add_list": 0.43261527505786007,
        "sort_by": 0.08420865230550116,
        "image_picker": 0.07984689335944455,
        "checked_returns_detail": 0.044418728858821435
      }
    },
    "Medium Propensity": {
      "size": 8091,
      "percentage": 1.332825966632403,
      "train_size": 7667,
      "test_size": 424,
      "conversion_rate": 0.005086735359332203,
      "total_conversions": "39",
      "avg_propensity": 0.5391016354690624,
      "median_propensity": 0.5498832553125034,
      "propensity_std": 0.046003920957564344,
      "device_mobile_rate": 0.6335434433320974,
      "device_computer_rate": 0.24978371029538993,
      "device_tablet_rate": 0.13780744036583858,
      "returning_user_rate": 0.7313063898158447,
      "loc_uk_rate": 0.910394265232975,
      "top_behaviors": {
        "sign_in": 0.9242368063280187,
        "saw_checkout": 0.9179335063650971,
        "list_size_dropdown": 0.2555926337906316,
        "basket_icon_click": 0.17908787541713014,
        "basket_add_list": 0.14547027561488074,
        "basket_add_detail": 0.1171672228401928,
        "checked_delivery_detail": 0.08379681127178347,
        "checked_returns_detail": 0.04659498207885305,
        "sort_by": 0.04585341737733284,
        "saw_delivery": 0.0349771350883698
      }
    },
    "High Propensity": {
      "size": 7972,
      "percentage": 1.3132231622782742,
      "train_size": 7931,
      "test_size": 41,
      "conversion_rate": 0.07073509015256588,
      "total_conversions": "561",
      "avg_propensity": 0.6811261786879942,
      "median_propensity": 0.6802365569254367,
      "propensity_std": 0.0480380526536151,
      "device_mobile_rate": 0.6721023582538886,
      "device_computer_rate": 0.2200200702458605,
      "device_tablet_rate": 0.13020572002007025,
      "returning_user_rate": 0.6157802308078274,
      "loc_uk_rate": 0.9365278474661315,
      "top_behaviors": {
        "saw_checkout": 0.9994982438534872,
        "sign_in": 0.9883341695935776,
        "basket_add_detail": 0.7507526342197692,
        "basket_icon_click": 0.601605619668841,
        "list_size_dropdown": 0.46939287506271954,
        "basket_add_list": 0.32099849473156045,
        "sort_by": 0.07425990968389362,
        "checked_delivery_detail": 0.07425990968389362,
        "image_picker": 0.06899147014550928,
        "checked_returns_detail": 0.02308078273958856
      }
    }
  },
  "behavioral": {
    "Highly Engaged Buyers 1": {
      "size": 432707,
      "percentage": 71.27958540892439,
      "train_size": 321246,
      "test_size": 111461,
      "conversion_rate": 6.22575845302354e-05,
      "total_conversions": "20",
      "avg_propensity": 0.0080365608838475,
      "median_propensity": 0.0001389382425164,
      "propensity_std": 0.030732466027003837,
      "avg_engagement_score": 0.06798133610040974,
      "avg_intent_score": 0.021347008483800816,
      "avg_total_interactions": 2.7392762307982075,
      "device_mobile_rate": 0.6912183070761508,
      "device_computer_rate": 0.18947694398287987,
      "device_tablet_rate": 0.11991023949231235,
      "returning_user_rate": 0.49461644946811584,
      "loc_uk_rate": 0.9323745629259522,
      "top_behaviors": {
        "basket_add_detail": 0.022798336980913183,
        "sort_by": 0.018331110890279105,
        "basket_icon_click": 0.01358656088299935,
        "image_picker": 0.01275690016570104,
        "checked_delivery_detail": 0.010727813508910186,
        "checked_returns_detail": 0.0046613528322860505,
        "sign_in": 0.004414072339943657,
        "saw_checkout": 0.0012456465922668226
      }
    },
    "Highly Engaged Buyers 2": {
      "size": 43218,
      "percentage": 7.119277298964182,
      "train_size": 36527,
      "test_size": 6691,
      "conversion_rate": 0.5081446601144359,
      "total_conversions": "18561",
      "avg_propensity": 0.7030991747821463,
      "median_propensity": 0.7996163568766143,
      "propensity_std": 0.27667813549287174,
      "avg_engagement_score": 2.0795964644361145,
      "avg_intent_score": 2.5089314637419595,
      "avg_total_interactions": 7.936577352029247,
      "device_mobile_rate": 0.6300384099217918,
      "device_computer_rate": 0.25301957517700957,
      "device_tablet_rate": 0.13998796797630617,
      "returning_user_rate": 0.6614373640612707,
      "loc_uk_rate": 0.9459253088990698,
      "top_behaviors": {
        "sign_in": 0.9827155351936693,
        "saw_checkout": 0.9475912814105234,
        "basket_add_detail": 0.6015086306631496,
        "basket_icon_click": 0.5605071960757092,
        "checked_delivery_detail": 0.5301031977416817,
        "list_size_dropdown": 0.45147855060391506,
        "basket_add_list": 0.33182933037160445,
        "sort_by": 0.07052616965153408,
        "image_picker": 0.06374658707020223,
        "checked_returns_detail": 0.04741080105511592
      }
    },