{
  "logistic_regression": {
    "f1": 0.9122638103261523,
    "precision": 0.844097995545657,
    "recall": 0.9924063891070961,
    "roc_auc": 0.9974274139676303,
    "avg_precision": 0.9013939378555681
  },
  "random_forest": {
    "f1": 0.9182237321038583,
    "precision": 0.8555279222247344,
    "recall": 0.9908352971982194,
    "roc_auc": 0.9973743402688987,
    "avg_precision": 0.9012728689950061
  },
  "xgboost": {
    "f1": 0.9124879459980714,
    "precision": 0.8454322090685727,
    "recall": 0.9910971458496989,
    "roc_auc": 0.9973919559837405,
    "avg_precision": 0.9003657880186237
  }
}